audio_duration_s,backend,code_revision,conditioning,context,frame_limit,generated_frames,generation_s,input_characters,language,listening_assessment,memory_method,model_id,model_revision,passage,peak_device_used_mib,peak_process_tree_rss_bytes,process_rtf,process_wall_s,prompt_eval_s,quantization,resource_sample_count,run,sample_rate,sampling,status,synthesis_rtf,synthesis_s,talker_attention,timing_scope,vocoder_s
27.36,llama.cpp,81bc6b83f827df746eb129235488d325c49cae52,none,4096,1200,342,9.59,279,de,pending,"0.5s sampling: GPU-0 total device memory, process-tree RSS; peaks may be missed; WSL process attribution limited",Qwen/Qwen3-TTS-12Hz-1.7B-Base,ca27d74bc954b73dadab5b71ca265d87fc861a7c,de_edge_cases,8143,2394746880,0.4781538054092975,13.08228811599838,0.21,Q8_0,25,1,24000,"{""seed"": 42, ""temperature"": 0.9, ""top_k"": 50, ""top_p"": 1.0}",ok,0.3618421052631579,9.9,off,fresh CLI process; loading included only in process RTF,0.09
27.68,llama.cpp,81bc6b83f827df746eb129235488d325c49cae52,none,4096,1200,346,9.72,279,de,pending,"0.5s sampling: GPU-0 total device memory, process-tree RSS; peaks may be missed; WSL process attribution limited",Qwen/Qwen3-TTS-12Hz-1.7B-Base,ca27d74bc954b73dadab5b71ca265d87fc861a7c,de_edge_cases,8148,2394472448,0.4509474371749051,12.482225061001373,0.2,Q8_0,24,2,24000,"{""seed"": 43, ""temperature"": 0.9, ""top_k"": 50, ""top_p"": 1.0}",ok,0.3616329479768786,10.01,off,fresh CLI process; loading included only in process RTF,0.09
23.68,llama.cpp,81bc6b83f827df746eb129235488d325c49cae52,none,4096,1200,296,8.45,279,de,pending,"0.5s sampling: GPU-0 total device memory, process-tree RSS; peaks may be missed; WSL process attribution limited",Qwen/Qwen3-TTS-12Hz-1.7B-Base,ca27d74bc954b73dadab5b71ca265d87fc861a7c,de_edge_cases,8138,2394599424,0.47212199733928933,11.179848896994372,0.2,Q8_0,21,3,24000,"{""seed"": 44, ""temperature"": 0.9, ""top_k"": 50, ""top_p"": 1.0}",ok,0.36908783783783783,8.74,off,fresh CLI process; loading included only in process RTF,0.09
16.08,llama.cpp,81bc6b83f827df746eb129235488d325c49cae52,none,4096,1200,201,5.74,267,de,pending,"0.5s sampling: GPU-0 total device memory, process-tree RSS; peaks may be missed; WSL process attribution limited",Qwen/Qwen3-TTS-12Hz-1.7B-Base,ca27d74bc954b73dadab5b71ca265d87fc861a7c,de_prose,8136,2374569984,0.5271248298508434,8.47616726400156,0.19,Q8_0,16,1,24000,"{""seed"": 42, ""temperature"": 0.9, ""top_k"": 50, ""top_p"": 1.0}",ok,0.37500000000000006,6.03,off,fresh CLI process; loading included only in process RTF,0.1
18.16,llama.cpp,81bc6b83f827df746eb129235488d325c49cae52,none,4096,1200,227,6.46,267,de,pending,"0.5s sampling: GPU-0 total device memory, process-tree RSS; peaks may be missed; WSL process attribution limited",Qwen/Qwen3-TTS-12Hz-1.7B-Base,ca27d74bc954b73dadab5b71ca265d87fc861a7c,de_prose,8136,2374774784,0.513582938050692,9.326666155000567,0.18,Q8_0,18,2,24000,"{""seed"": 43, ""temperature"": 0.9, ""top_k"": 50, ""top_p"": 1.0}",ok,0.3711453744493392,6.74,off,fresh CLI process; loading included only in process RTF,0.09
15.84,llama.cpp,81bc6b83f827df746eb129235488d325c49cae52,none,4096,1200,198,5.62,267,de,pending,"0.5s sampling: GPU-0 total device memory, process-tree RSS; peaks may be missed; WSL process attribution limited",Qwen/Qwen3-TTS-12Hz-1.7B-Base,ca27d74bc954b73dadab5b71ca265d87fc861a7c,de_prose,8136,2373689344,0.5289461309342123,8.378506713997922,0.17,Q8_0,16,3,24000,"{""seed"": 44, ""temperature"": 0.9, ""top_k"": 50, ""top_p"": 1.0}",ok,0.3718434343434343,5.89,off,fresh CLI process; loading included only in process RTF,0.09
19.36,llama.cpp,81bc6b83f827df746eb129235488d325c49cae52,none,4096,1200,242,6.85,274,de,pending,"0.5s sampling: GPU-0 total device memory, process-tree RSS; peaks may be missed; WSL process attribution limited",Qwen/Qwen3-TTS-12Hz-1.7B-Base,ca27d74bc954b73dadab5b71ca265d87fc861a7c,de_technical,8138,2383958016,0.5078360145143811,9.831705240998417,0.19,Q8_0,19,1,24000,"{""seed"": 42, ""temperature"": 0.9, ""top_k"": 50, ""top_p"": 1.0}",ok,0.368801652892562,7.14,off,fresh CLI process; loading included only in process RTF,0.09
23.28,llama.cpp,81bc6b83f827df746eb129235488d325c49cae52,none,4096,1200,291,8.25,274,de,pending,"0.5s sampling: GPU-0 total device memory, process-tree RSS; peaks may be missed; WSL process attribution limited",Qwen/Qwen3-TTS-12Hz-1.7B-Base,ca27d74bc954b73dadab5b71ca265d87fc861a7c,de_technical,8138,2383876096,0.4716302409794458,10.979552010001498,0.18,Q8_0,21,2,24000,"{""seed"": 43, ""temperature"": 0.9, ""top_k"": 50, ""top_p"": 1.0}",ok,0.36597938144329895,8.52,off,fresh CLI process; loading included only in process RTF,0.09
18.4,llama.cpp,81bc6b83f827df746eb129235488d325c49cae52,none,4096,1200,230,6.46,274,de,pending,"0.5s sampling: GPU-0 total device memory, process-tree RSS; peaks may be missed; WSL process attribution limited",Qwen/Qwen3-TTS-12Hz-1.7B-Base,ca27d74bc954b73dadab5b71ca265d87fc861a7c,de_technical,8138,2383904768,0.4960405357063713,9.127145856997231,0.18,Q8_0,17,3,24000,"{""seed"": 44, ""temperature"": 0.9, ""top_k"": 50, ""top_p"": 1.0}",ok,0.366304347826087,6.74,off,fresh CLI process; loading included only in process RTF,0.1
