attention_backend,audio_duration_s,backend,code_revision,conditioning,context,dtype,first_synthesis,frame_duration_s,frame_limit,generated_frames,generation_s,input_characters,language,listening_assessment,memory_method,model_id,model_load_s,model_revision,passage,peak_cuda_allocated_bytes,peak_cuda_reserved_bytes,peak_device_used_mib,peak_process_tree_rss_bytes,process_rtf,process_wall_s,prompt_eval_s,quantization,reference_prompt_s,resource_sample_count,run,sample_rate,sampling,seed,status,synthesis_rtf,synthesis_s,talker_attention,timing_scope,vocoder_s
,20.56,llama.cpp,81bc6b83f827df746eb129235488d325c49cae52,speaker_only,4096,,,,1200,257,7.85,279,de,pending,"0.5s sampling: GPU-0 total device memory, process-tree RSS; peaks may be missed; WSL process attribution limited",Qwen/Qwen3-TTS-12Hz-1.7B-Base,,ca27d74bc954b73dadab5b71ca265d87fc861a7c,de_edge_cases,,,8529,2400477184,0.5730542114292361,11.781994586985093,0.2,Q8_0,,22,1,24000,"{""seed"": 42, ""temperature"": 0.9, ""top_k"": 50, ""top_p"": 1.0}",,ok,0.39688715953307396,8.16,off,fresh CLI process; loading included only in process RTF,0.11
,20.0,llama.cpp,81bc6b83f827df746eb129235488d325c49cae52,speaker_only,4096,,,,1200,250,7.62,279,de,pending,"0.5s sampling: GPU-0 total device memory, process-tree RSS; peaks may be missed; WSL process attribution limited",Qwen/Qwen3-TTS-12Hz-1.7B-Base,,ca27d74bc954b73dadab5b71ca265d87fc861a7c,de_edge_cases,,,8529,2398322688,0.5740153749502497,11.480307499004994,0.16,Q8_0,,21,2,24000,"{""seed"": 43, ""temperature"": 0.9, ""top_k"": 50, ""top_p"": 1.0}",,ok,0.394,7.88,off,fresh CLI process; loading included only in process RTF,0.1
,22.24,llama.cpp,81bc6b83f827df746eb129235488d325c49cae52,speaker_only,4096,,,,1200,278,8.39,279,de,pending,"0.5s sampling: GPU-0 total device memory, process-tree RSS; peaks may be missed; WSL process attribution limited",Qwen/Qwen3-TTS-12Hz-1.7B-Base,,ca27d74bc954b73dadab5b71ca265d87fc861a7c,de_edge_cases,,,8529,2398298112,0.5342402092622729,11.881502253992949,0.17,Q8_0,,22,3,24000,"{""seed"": 44, ""temperature"": 0.9, ""top_k"": 50, ""top_p"": 1.0}",,ok,0.3902877697841727,8.68,off,fresh CLI process; loading included only in process RTF,0.11
,14.56,llama.cpp,81bc6b83f827df746eb129235488d325c49cae52,speaker_only,4096,,,,1200,182,5.41,267,de,pending,"0.5s sampling: GPU-0 total device memory, process-tree RSS; peaks may be missed; WSL process attribution limited",Qwen/Qwen3-TTS-12Hz-1.7B-Base,,ca27d74bc954b73dadab5b71ca265d87fc861a7c,de_prose,,,8527,2381717504,0.5958077423761446,8.674960728996666,0.15,Q8_0,,16,1,24000,"{""seed"": 42, ""temperature"": 0.9, ""top_k"": 50, ""top_p"": 1.0}",,ok,0.38873626373626374,5.66,off,fresh CLI process; loading included only in process RTF,0.09
,14.4,llama.cpp,81bc6b83f827df746eb129235488d325c49cae52,speaker_only,4096,,,,1200,180,5.21,267,de,pending,"0.5s sampling: GPU-0 total device memory, process-tree RSS; peaks may be missed; WSL process attribution limited",Qwen/Qwen3-TTS-12Hz-1.7B-Base,,ca27d74bc954b73dadab5b71ca265d87fc861a7c,de_prose,,,8527,2381737984,0.5990659472910111,8.62654964099056,0.12,Q8_0,,16,2,24000,"{""seed"": 43, ""temperature"": 0.9, ""top_k"": 50, ""top_p"": 1.0}",,ok,0.37777777777777777,5.44,off,fresh CLI process; loading included only in process RTF,0.1
,14.96,llama.cpp,81bc6b83f827df746eb129235488d325c49cae52,speaker_only,4096,,,,1200,187,5.4,267,de,pending,"0.5s sampling: GPU-0 total device memory, process-tree RSS; peaks may be missed; WSL process attribution limited",Qwen/Qwen3-TTS-12Hz-1.7B-Base,,ca27d74bc954b73dadab5b71ca265d87fc861a7c,de_prose,,,8527,2381721600,0.5731411675137703,8.574191866006004,0.13,Q8_0,,16,3,24000,"{""seed"": 44, ""temperature"": 0.9, ""top_k"": 50, ""top_p"": 1.0}",,ok,0.37566844919786097,5.62,off,fresh CLI process; loading included only in process RTF,0.1
,19.76,llama.cpp,81bc6b83f827df746eb129235488d325c49cae52,speaker_only,4096,,,,1200,247,7.17,274,de,pending,"0.5s sampling: GPU-0 total device memory, process-tree RSS; peaks may be missed; WSL process attribution limited",Qwen/Qwen3-TTS-12Hz-1.7B-Base,,ca27d74bc954b73dadab5b71ca265d87fc861a7c,de_technical,,,8529,2391678976,0.5226177824900918,10.326927382004214,0.14,Q8_0,,20,1,24000,"{""seed"": 42, ""temperature"": 0.9, ""top_k"": 50, ""top_p"": 1.0}",,ok,0.37449392712550605,7.4,off,fresh CLI process; loading included only in process RTF,0.1
,18.48,llama.cpp,81bc6b83f827df746eb129235488d325c49cae52,speaker_only,4096,,,,1200,231,6.76,274,de,pending,"0.5s sampling: GPU-0 total device memory, process-tree RSS; peaks may be missed; WSL process attribution limited",Qwen/Qwen3-TTS-12Hz-1.7B-Base,,ca27d74bc954b73dadab5b71ca265d87fc861a7c,de_technical,,,8529,2391621632,0.5263711156382641,9.727338216995122,0.13,Q8_0,,18,2,24000,"{""seed"": 43, ""temperature"": 0.9, ""top_k"": 50, ""top_p"": 1.0}",,ok,0.3782467532467533,6.99,off,fresh CLI process; loading included only in process RTF,0.1
,18.4,llama.cpp,81bc6b83f827df746eb129235488d325c49cae52,speaker_only,4096,,,,1200,230,6.75,274,de,pending,"0.5s sampling: GPU-0 total device memory, process-tree RSS; peaks may be missed; WSL process attribution limited",Qwen/Qwen3-TTS-12Hz-1.7B-Base,,ca27d74bc954b73dadab5b71ca265d87fc861a7c,de_technical,,,8529,2393825280,0.5449367534247754,10.026836263015866,0.14,Q8_0,,19,3,24000,"{""seed"": 44, ""temperature"": 0.9, ""top_k"": 50, ""top_p"": 1.0}",,ok,0.37934782608695655,6.98,off,fresh CLI process; loading included only in process RTF,0.1
sdpa,21.84,python,,speaker_only,,float16,True,0.08,1200,,,279,de,pending,"0.5s sampling: GPU-0 total device memory, process-tree RSS; peaks may be missed; WSL process attribution limited",Qwen/Qwen3-TTS-12Hz-1.7B-Base,4.660796548996586,fd4b254389122332181a7c3db7f27e918eec64e3,de_edge_cases,4922276864,5081399296,9343,2090242048,,,,,0.8396460420044605,92,1,24000,"{""temperature"": 0.9, ""top_k"": 50, ""top_p"": 1.0, ""do_sample"": true, ""subtalker_temperature"": 0.9, ""subtalker_top_k"": 50, ""subtalker_top_p"": 1.0, ""subtalker_dosample"": true}",42,ok,2.2437285510535823,49.00303155501024,,warm process; first synthesis identified separately,
sdpa,23.28,python,,speaker_only,,float16,False,0.08,1200,,,279,de,pending,"0.5s sampling: GPU-0 total device memory, process-tree RSS; peaks may be missed; WSL process attribution limited",Qwen/Qwen3-TTS-12Hz-1.7B-Base,4.660796548996586,fd4b254389122332181a7c3db7f27e918eec64e3,de_edge_cases,4966557696,5303697408,9352,2144854016,,,,,0.8396460420044605,99,2,24000,"{""temperature"": 0.9, ""top_k"": 50, ""top_p"": 1.0, ""do_sample"": true, ""subtalker_temperature"": 0.9, ""subtalker_top_k"": 50, ""subtalker_top_p"": 1.0, ""subtalker_dosample"": true}",43,ok,2.2773532247848594,53.01678307299153,,warm process; first synthesis identified separately,
sdpa,22.0,python,,speaker_only,,float16,False,0.08,1200,,,279,de,pending,"0.5s sampling: GPU-0 total device memory, process-tree RSS; peaks may be missed; WSL process attribution limited",Qwen/Qwen3-TTS-12Hz-1.7B-Base,4.660796548996586,fd4b254389122332181a7c3db7f27e918eec64e3,de_edge_cases,4927190016,5303697408,9574,2153816064,,,,,0.8396460420044605,93,3,24000,"{""temperature"": 0.9, ""top_k"": 50, ""top_p"": 1.0, ""do_sample"": true, ""subtalker_temperature"": 0.9, ""subtalker_top_k"": 50, ""subtalker_top_p"": 1.0, ""subtalker_dosample"": true}",44,ok,2.2572464191815182,49.6594212219934,,warm process; first synthesis identified separately,
sdpa,14.88,python,,speaker_only,,float16,False,0.08,1200,,,267,de,pending,"0.5s sampling: GPU-0 total device memory, process-tree RSS; peaks may be missed; WSL process attribution limited",Qwen/Qwen3-TTS-12Hz-1.7B-Base,4.660796548996586,fd4b254389122332181a7c3db7f27e918eec64e3,de_prose,4706544640,5303697408,9562,2154209280,,,,,0.8396460420044605,63,1,24000,"{""temperature"": 0.9, ""top_k"": 50, ""top_p"": 1.0, ""do_sample"": true, ""subtalker_temperature"": 0.9, ""subtalker_top_k"": 50, ""subtalker_top_p"": 1.0, ""subtalker_dosample"": true}",42,ok,2.2620218409957165,33.65888499401626,,warm process; first synthesis identified separately,
sdpa,14.88,python,,speaker_only,,float16,False,0.08,1200,,,267,de,pending,"0.5s sampling: GPU-0 total device memory, process-tree RSS; peaks may be missed; WSL process attribution limited",Qwen/Qwen3-TTS-12Hz-1.7B-Base,4.660796548996586,fd4b254389122332181a7c3db7f27e918eec64e3,de_prose,4706544640,5303697408,9560,2155028480,,,,,0.8396460420044605,63,2,24000,"{""temperature"": 0.9, ""top_k"": 50, ""top_p"": 1.0, ""do_sample"": true, ""subtalker_temperature"": 0.9, ""subtalker_top_k"": 50, ""subtalker_top_p"": 1.0, ""subtalker_dosample"": true}",43,ok,2.2514391107516305,33.50141396798426,,warm process; first synthesis identified separately,
sdpa,16.08,python,,speaker_only,,float16,False,0.08,1200,,,267,de,pending,"0.5s sampling: GPU-0 total device memory, process-tree RSS; peaks may be missed; WSL process attribution limited",Qwen/Qwen3-TTS-12Hz-1.7B-Base,4.660796548996586,fd4b254389122332181a7c3db7f27e918eec64e3,de_prose,4744480768,5303697408,9792,2157957120,,,,,0.8396460420044605,69,3,24000,"{""temperature"": 0.9, ""top_k"": 50, ""top_p"": 1.0, ""do_sample"": true, ""subtalker_temperature"": 0.9, ""subtalker_top_k"": 50, ""subtalker_top_p"": 1.0, ""subtalker_dosample"": true}",44,ok,2.269018840298708,36.48582295200322,,warm process; first synthesis identified separately,
sdpa,19.92,python,,speaker_only,,float16,False,0.08,1200,,,274,de,pending,"0.5s sampling: GPU-0 total device memory, process-tree RSS; peaks may be missed; WSL process attribution limited",Qwen/Qwen3-TTS-12Hz-1.7B-Base,4.660796548996586,fd4b254389122332181a7c3db7f27e918eec64e3,de_technical,4862267392,5303697408,10198,2158432256,,,,,0.8396460420044605,86,1,24000,"{""temperature"": 0.9, ""top_k"": 50, ""top_p"": 1.0, ""do_sample"": true, ""subtalker_temperature"": 0.9, ""subtalker_top_k"": 50, ""subtalker_top_p"": 1.0, ""subtalker_dosample"": true}",42,ok,2.297593624698712,45.768065003998345,,warm process; first synthesis identified separately,
sdpa,20.0,python,,speaker_only,,float16,False,0.08,1200,,,274,de,pending,"0.5s sampling: GPU-0 total device memory, process-tree RSS; peaks may be missed; WSL process attribution limited",Qwen/Qwen3-TTS-12Hz-1.7B-Base,4.660796548996586,fd4b254389122332181a7c3db7f27e918eec64e3,de_technical,4864720896,5303697408,11011,2159247360,,,,,0.8396460420044605,88,2,24000,"{""temperature"": 0.9, ""top_k"": 50, ""top_p"": 1.0, ""do_sample"": true, ""subtalker_temperature"": 0.9, ""subtalker_top_k"": 50, ""subtalker_top_p"": 1.0, ""subtalker_dosample"": true}",43,ok,2.3377404986007604,46.75480997201521,,warm process; first synthesis identified separately,
sdpa,21.2,python,,speaker_only,,float16,False,0.08,1200,,,274,de,pending,"0.5s sampling: GPU-0 total device memory, process-tree RSS; peaks may be missed; WSL process attribution limited",Qwen/Qwen3-TTS-12Hz-1.7B-Base,4.660796548996586,fd4b254389122332181a7c3db7f27e918eec64e3,de_technical,4902610944,5303697408,10022,2163105792,,,,,0.8396460420044605,89,3,24000,"{""temperature"": 0.9, ""top_k"": 50, ""top_p"": 1.0, ""do_sample"": true, ""subtalker_temperature"": 0.9, ""subtalker_top_k"": 50, ""subtalker_top_p"": 1.0, ""subtalker_dosample"": true}",44,ok,2.248639241934486,47.6711519290111,,warm process; first synthesis identified separately,
sdpa,21.28,python,,audio_and_transcript,,float16,True,0.08,1200,,,279,de,pending,"0.5s sampling: GPU-0 total device memory, process-tree RSS; peaks may be missed; WSL process attribution limited",Qwen/Qwen3-TTS-12Hz-1.7B-Base,3.03095116498298,fd4b254389122332181a7c3db7f27e918eec64e3,de_edge_cases,4990288384,5299503104,10350,2152189952,,,,,0.89657338699908,96,1,24000,"{""temperature"": 0.9, ""top_k"": 50, ""top_p"": 1.0, ""do_sample"": true, ""subtalker_temperature"": 0.9, ""subtalker_top_k"": 50, ""subtalker_top_p"": 1.0, ""subtalker_dosample"": true}",42,ok,2.4098882527722796,51.28242201899411,,warm process; first synthesis identified separately,
sdpa,22.48,python,,audio_and_transcript,,float16,False,0.08,1200,,,279,de,pending,"0.5s sampling: GPU-0 total device memory, process-tree RSS; peaks may be missed; WSL process attribution limited",Qwen/Qwen3-TTS-12Hz-1.7B-Base,3.03095116498298,fd4b254389122332181a7c3db7f27e918eec64e3,de_edge_cases,4989349888,5303697408,11053,2174197760,,,,,0.89657338699908,100,2,24000,"{""temperature"": 0.9, ""top_k"": 50, ""top_p"": 1.0, ""do_sample"": true, ""subtalker_temperature"": 0.9, ""subtalker_top_k"": 50, ""subtalker_top_p"": 1.0, ""subtalker_dosample"": true}",43,ok,2.380491501823479,53.51344896099181,,warm process; first synthesis identified separately,
sdpa,24.32,python,,audio_and_transcript,,float16,False,0.08,1200,,,279,de,pending,"0.5s sampling: GPU-0 total device memory, process-tree RSS; peaks may be missed; WSL process attribution limited",Qwen/Qwen3-TTS-12Hz-1.7B-Base,3.03095116498298,fd4b254389122332181a7c3db7f27e918eec64e3,de_edge_cases,4989361664,5320474624,9684,2184450048,,,,,0.89657338699908,104,3,24000,"{""temperature"": 0.9, ""top_k"": 50, ""top_p"": 1.0, ""do_sample"": true, ""subtalker_temperature"": 0.9, ""subtalker_top_k"": 50, ""subtalker_top_p"": 1.0, ""subtalker_dosample"": true}",44,ok,2.2911361230267415,55.72043051201035,,warm process; first synthesis identified separately,
sdpa,14.24,python,,audio_and_transcript,,float16,False,0.08,1200,,,267,de,pending,"0.5s sampling: GPU-0 total device memory, process-tree RSS; peaks may be missed; WSL process attribution limited",Qwen/Qwen3-TTS-12Hz-1.7B-Base,3.03095116498298,fd4b254389122332181a7c3db7f27e918eec64e3,de_prose,4988294656,5320474624,9689,2198073344,,,,,0.89657338699908,61,1,24000,"{""temperature"": 0.9, ""top_k"": 50, ""top_p"": 1.0, ""do_sample"": true, ""subtalker_temperature"": 0.9, ""subtalker_top_k"": 50, ""subtalker_top_p"": 1.0, ""subtalker_dosample"": true}",42,ok,2.2660254007022242,32.26820170599967,,warm process; first synthesis identified separately,
sdpa,13.6,python,,audio_and_transcript,,float16,False,0.08,1200,,,267,de,pending,"0.5s sampling: GPU-0 total device memory, process-tree RSS; peaks may be missed; WSL process attribution limited",Qwen/Qwen3-TTS-12Hz-1.7B-Base,3.03095116498298,fd4b254389122332181a7c3db7f27e918eec64e3,de_prose,4988257792,5320474624,9682,2214383616,,,,,0.89657338699908,58,2,24000,"{""temperature"": 0.9, ""top_k"": 50, ""top_p"": 1.0, ""do_sample"": true, ""subtalker_temperature"": 0.9, ""subtalker_top_k"": 50, ""subtalker_top_p"": 1.0, ""subtalker_dosample"": true}",43,ok,2.265012593970288,30.80417127799592,,warm process; first synthesis identified separately,
sdpa,14.48,python,,audio_and_transcript,,float16,False,0.08,1200,,,267,de,pending,"0.5s sampling: GPU-0 total device memory, process-tree RSS; peaks may be missed; WSL process attribution limited",Qwen/Qwen3-TTS-12Hz-1.7B-Base,3.03095116498298,fd4b254389122332181a7c3db7f27e918eec64e3,de_prose,4988307456,5320474624,9683,2220220416,,,,,0.89657338699908,61,3,24000,"{""temperature"": 0.9, ""top_k"": 50, ""top_p"": 1.0, ""do_sample"": true, ""subtalker_temperature"": 0.9, ""subtalker_top_k"": 50, ""subtalker_top_p"": 1.0, ""subtalker_dosample"": true}",44,ok,2.254704220373362,32.648117111006286,,warm process; first synthesis identified separately,
sdpa,18.56,python,,audio_and_transcript,,float16,False,0.08,1200,,,274,de,pending,"0.5s sampling: GPU-0 total device memory, process-tree RSS; peaks may be missed; WSL process attribution limited",Qwen/Qwen3-TTS-12Hz-1.7B-Base,3.03095116498298,fd4b254389122332181a7c3db7f27e918eec64e3,de_technical,4988542464,5320474624,9837,2237353984,,,,,0.89657338699908,78,1,24000,"{""temperature"": 0.9, ""top_k"": 50, ""top_p"": 1.0, ""do_sample"": true, ""subtalker_temperature"": 0.9, ""subtalker_top_k"": 50, ""subtalker_top_p"": 1.0, ""subtalker_dosample"": true}",42,ok,2.2555609105062295,41.86321049899561,,warm process; first synthesis identified separately,
sdpa,18.32,python,,audio_and_transcript,,float16,False,0.08,1200,,,274,de,pending,"0.5s sampling: GPU-0 total device memory, process-tree RSS; peaks may be missed; WSL process attribution limited",Qwen/Qwen3-TTS-12Hz-1.7B-Base,3.03095116498298,fd4b254389122332181a7c3db7f27e918eec64e3,de_technical,4988528640,5320474624,9638,2242101248,,,,,0.89657338699908,76,2,24000,"{""temperature"": 0.9, ""top_k"": 50, ""top_p"": 1.0, ""do_sample"": true, ""subtalker_temperature"": 0.9, ""subtalker_top_k"": 50, ""subtalker_top_p"": 1.0, ""subtalker_dosample"": true}",43,ok,2.209076742958021,40.47028593099094,,warm process; first synthesis identified separately,
sdpa,18.0,python,,audio_and_transcript,,float16,False,0.08,1200,,,274,de,pending,"0.5s sampling: GPU-0 total device memory, process-tree RSS; peaks may be missed; WSL process attribution limited",Qwen/Qwen3-TTS-12Hz-1.7B-Base,3.03095116498298,fd4b254389122332181a7c3db7f27e918eec64e3,de_technical,4988510208,5320474624,9616,2245021696,,,,,0.89657338699908,74,3,24000,"{""temperature"": 0.9, ""top_k"": 50, ""top_p"": 1.0, ""do_sample"": true, ""subtalker_temperature"": 0.9, ""subtalker_top_k"": 50, ""subtalker_top_p"": 1.0, ""subtalker_dosample"": true}",44,ok,2.205953728777887,39.70716711800196,,warm process; first synthesis identified separately,
